{"cameraMode":{"drawMode":0,"name":"Shaded","section":"Shading Mode"},"sceneLighting":true,"audioPlay":false,"sceneViewState":{"m_AlwaysRefresh":false,"showFog":true,"showSkybox":true,"showFlares":true,"showImageEffects":true,"showParticleSystems":true,"showVisualEffectGraphs":true,"m_FxEnabled":true},"in2DMode":false,"pivot":{"x":-3.1587371826171877,"y":-18.320173263549806,"z":6.124044418334961},"rotation":{"x":0.34047144651412966,"y":-0.6112440228462219,"z":0.32784923911094668,"w":0.6347898840904236},"size":14.541950225830079,"orthographic":false}